﻿terminal_id,name,berth_capacity
T01,Terminal 1,7
T02,Terminal 2,5
T03,Terminal 3,5
T04,Terminal 4,4
T05,Terminal 5,8
T06,Terminal 6,6
T07,Terminal 7,6
T08,Terminal 8,8
T09,Terminal 9,3
T10,Terminal 10,7
T11,Terminal 11,6
T12,Terminal 12,4
T13,Terminal 13,7
T14,Terminal 14,5
T15,Terminal 15,2
T16,Terminal 16,2
T17,Terminal 17,6
T18,Terminal 18,3
T19,Terminal 19,2
T20,Terminal 20,3
T21,Terminal 21,2
T22,Terminal 22,3
T23,Terminal 23,8
T24,Terminal 24,3
T25,Terminal 25,5
T26,Terminal 26,4
T27,Terminal 27,2
T28,Terminal 28,7
T29,Terminal 29,6
T30,Terminal 30,4
T31,Terminal 31,5
T32,Terminal 32,5
T33,Terminal 33,5
T34,Terminal 34,6
T35,Terminal 35,2
T36,Terminal 36,2
T37,Terminal 37,8
T38,Terminal 38,8
T39,Terminal 39,3
T40,Terminal 40,3
