﻿type,terminal_id,vessel_id,parameter,value,units,note
capacity,T01,,berth_capacity,7,berths,Base terminal capacity
capacity,T02,,berth_capacity,5,berths,Base terminal capacity
capacity,T03,,berth_capacity,5,berths,Base terminal capacity
capacity,T04,,berth_capacity,4,berths,Base terminal capacity
capacity,T05,,berth_capacity,8,berths,Base terminal capacity
capacity,T06,,berth_capacity,6,berths,Base terminal capacity
capacity,T07,,berth_capacity,6,berths,Base terminal capacity
capacity,T08,,berth_capacity,8,berths,Base terminal capacity
capacity,T09,,berth_capacity,3,berths,Base terminal capacity
capacity,T10,,berth_capacity,7,berths,Base terminal capacity
capacity,T11,,berth_capacity,6,berths,Base terminal capacity
capacity,T12,,berth_capacity,4,berths,Base terminal capacity
capacity,T13,,berth_capacity,7,berths,Base terminal capacity
capacity,T14,,berth_capacity,5,berths,Base terminal capacity
capacity,T15,,berth_capacity,2,berths,Base terminal capacity
capacity,T16,,berth_capacity,2,berths,Base terminal capacity
capacity,T17,,berth_capacity,6,berths,Base terminal capacity
capacity,T18,,berth_capacity,3,berths,Base terminal capacity
capacity,T19,,berth_capacity,2,berths,Base terminal capacity
capacity,T20,,berth_capacity,3,berths,Base terminal capacity
capacity,T21,,berth_capacity,2,berths,Base terminal capacity
capacity,T22,,berth_capacity,3,berths,Base terminal capacity
capacity,T23,,berth_capacity,8,berths,Base terminal capacity
capacity,T24,,berth_capacity,3,berths,Base terminal capacity
capacity,T25,,berth_capacity,5,berths,Base terminal capacity
capacity,T26,,berth_capacity,4,berths,Base terminal capacity
capacity,T27,,berth_capacity,2,berths,Base terminal capacity
capacity,T28,,berth_capacity,7,berths,Base terminal capacity
capacity,T29,,berth_capacity,6,berths,Base terminal capacity
capacity,T30,,berth_capacity,4,berths,Base terminal capacity
capacity,T31,,berth_capacity,5,berths,Base terminal capacity
capacity,T32,,berth_capacity,5,berths,Base terminal capacity
capacity,T33,,berth_capacity,5,berths,Base terminal capacity
capacity,T34,,berth_capacity,6,berths,Base terminal capacity
capacity,T35,,berth_capacity,2,berths,Base terminal capacity
capacity,T36,,berth_capacity,2,berths,Base terminal capacity
capacity,T37,,berth_capacity,8,berths,Base terminal capacity
capacity,T38,,berth_capacity,8,berths,Base terminal capacity
capacity,T39,,berth_capacity,3,berths,Base terminal capacity
capacity,T40,,berth_capacity,3,berths,Base terminal capacity
capacity_override_if_vessel_present,T01,S1267,berth_capacity,1,berths,Exclusive while this ship is at the terminal
capacity_override_if_vessel_present,T02,S0187,berth_capacity,1,berths,Exclusive while this ship is at the terminal
capacity_override_if_vessel_present,T02,S0588,berth_capacity,1,berths,Exclusive while this ship is at the terminal
capacity_override_if_vessel_present,T02,S1503,berth_capacity,1,berths,Exclusive while this ship is at the terminal
capacity_override_if_vessel_present,T03,S0009,berth_capacity,1,berths,Exclusive while this ship is at the terminal
capacity_override_if_vessel_present,T03,S0934,berth_capacity,1,berths,Exclusive while this ship is at the terminal
capacity_override_if_vessel_present,T03,S1634,berth_capacity,1,berths,Exclusive while this ship is at the terminal
capacity_override_if_vessel_present,T03,S1936,berth_capacity,1,berths,Exclusive while this ship is at the terminal
capacity_override_if_vessel_present,T04,S1094,berth_capacity,1,berths,Exclusive while this ship is at the terminal
capacity_override_if_vessel_present,T04,S1312,berth_capacity,1,berths,Exclusive while this ship is at the terminal
capacity_override_if_vessel_present,T04,S1598,berth_capacity,1,berths,Exclusive while this ship is at the terminal
capacity_override_if_vessel_present,T04,S1748,berth_capacity,1,berths,Exclusive while this ship is at the terminal
capacity_override_if_vessel_present,T05,S1143,berth_capacity,1,berths,Exclusive while this ship is at the terminal
capacity_override_if_vessel_present,T05,S1913,berth_capacity,1,berths,Exclusive while this ship is at the terminal
capacity_override_if_vessel_present,T05,S1996,berth_capacity,1,berths,Exclusive while this ship is at the terminal
capacity_override_if_vessel_present,T06,S0120,berth_capacity,1,berths,Exclusive while this ship is at the terminal
capacity_override_if_vessel_present,T06,S0742,berth_capacity,1,berths,Exclusive while this ship is at the terminal
capacity_override_if_vessel_present,T06,S0748,berth_capacity,1,berths,Exclusive while this ship is at the terminal
capacity_override_if_vessel_present,T06,S1672,berth_capacity,1,berths,Exclusive while this ship is at the terminal
capacity_override_if_vessel_present,T08,S0233,berth_capacity,1,berths,Exclusive while this ship is at the terminal
capacity_override_if_vessel_present,T08,S0409,berth_capacity,1,berths,Exclusive while this ship is at the terminal
capacity_override_if_vessel_present,T08,S1981,berth_capacity,1,berths,Exclusive while this ship is at the terminal
capacity_override_if_vessel_present,T09,S0719,berth_capacity,1,berths,Exclusive while this ship is at the terminal
capacity_override_if_vessel_present,T09,S1473,berth_capacity,1,berths,Exclusive while this ship is at the terminal
capacity_override_if_vessel_present,T10,S0421,berth_capacity,1,berths,Exclusive while this ship is at the terminal
capacity_override_if_vessel_present,T10,S0619,berth_capacity,1,berths,Exclusive while this ship is at the terminal
capacity_override_if_vessel_present,T10,S1516,berth_capacity,1,berths,Exclusive while this ship is at the terminal
capacity_override_if_vessel_present,T11,S0731,berth_capacity,1,berths,Exclusive while this ship is at the terminal
capacity_override_if_vessel_present,T11,S1320,berth_capacity,1,berths,Exclusive while this ship is at the terminal
capacity_override_if_vessel_present,T11,S1736,berth_capacity,1,berths,Exclusive while this ship is at the terminal
capacity_override_if_vessel_present,T11,S1752,berth_capacity,1,berths,Exclusive while this ship is at the terminal
capacity_override_if_vessel_present,T11,S1761,berth_capacity,1,berths,Exclusive while this ship is at the terminal
capacity_override_if_vessel_present,T12,S0701,berth_capacity,1,berths,Exclusive while this ship is at the terminal
capacity_override_if_vessel_present,T12,S1428,berth_capacity,1,berths,Exclusive while this ship is at the terminal
capacity_override_if_vessel_present,T12,S1848,berth_capacity,1,berths,Exclusive while this ship is at the terminal
capacity_override_if_vessel_present,T13,S0940,berth_capacity,1,berths,Exclusive while this ship is at the terminal
capacity_override_if_vessel_present,T14,S0775,berth_capacity,1,berths,Exclusive while this ship is at the terminal
capacity_override_if_vessel_present,T14,S1157,berth_capacity,1,berths,Exclusive while this ship is at the terminal
capacity_override_if_vessel_present,T15,S1049,berth_capacity,1,berths,Exclusive while this ship is at the terminal
capacity_override_if_vessel_present,T16,S0097,berth_capacity,1,berths,Exclusive while this ship is at the terminal
capacity_override_if_vessel_present,T16,S1601,berth_capacity,1,berths,Exclusive while this ship is at the terminal
capacity_override_if_vessel_present,T17,S0101,berth_capacity,1,berths,Exclusive while this ship is at the terminal
capacity_override_if_vessel_present,T17,S0944,berth_capacity,1,berths,Exclusive while this ship is at the terminal
capacity_override_if_vessel_present,T17,S1212,berth_capacity,1,berths,Exclusive while this ship is at the terminal
capacity_override_if_vessel_present,T17,S1454,berth_capacity,1,berths,Exclusive while this ship is at the terminal
capacity_override_if_vessel_present,T18,S0007,berth_capacity,1,berths,Exclusive while this ship is at the terminal
capacity_override_if_vessel_present,T18,S0365,berth_capacity,1,berths,Exclusive while this ship is at the terminal
capacity_override_if_vessel_present,T18,S1352,berth_capacity,1,berths,Exclusive while this ship is at the terminal
capacity_override_if_vessel_present,T18,S1377,berth_capacity,1,berths,Exclusive while this ship is at the terminal
capacity_override_if_vessel_present,T18,S1713,berth_capacity,1,berths,Exclusive while this ship is at the terminal
capacity_override_if_vessel_present,T19,S0835,berth_capacity,1,berths,Exclusive while this ship is at the terminal
capacity_override_if_vessel_present,T19,S0875,berth_capacity,1,berths,Exclusive while this ship is at the terminal
capacity_override_if_vessel_present,T20,S1649,berth_capacity,1,berths,Exclusive while this ship is at the terminal
capacity_override_if_vessel_present,T21,S0021,berth_capacity,1,berths,Exclusive while this ship is at the terminal
capacity_override_if_vessel_present,T21,S1390,berth_capacity,1,berths,Exclusive while this ship is at the terminal
capacity_override_if_vessel_present,T22,S1126,berth_capacity,1,berths,Exclusive while this ship is at the terminal
capacity_override_if_vessel_present,T22,S1848,berth_capacity,1,berths,Exclusive while this ship is at the terminal
capacity_override_if_vessel_present,T23,S0156,berth_capacity,1,berths,Exclusive while this ship is at the terminal
capacity_override_if_vessel_present,T24,S0380,berth_capacity,1,berths,Exclusive while this ship is at the terminal
capacity_override_if_vessel_present,T24,S0415,berth_capacity,1,berths,Exclusive while this ship is at the terminal
capacity_override_if_vessel_present,T24,S0464,berth_capacity,1,berths,Exclusive while this ship is at the terminal
capacity_override_if_vessel_present,T24,S1702,berth_capacity,1,berths,Exclusive while this ship is at the terminal
capacity_override_if_vessel_present,T25,S0997,berth_capacity,1,berths,Exclusive while this ship is at the terminal
capacity_override_if_vessel_present,T25,S1676,berth_capacity,1,berths,Exclusive while this ship is at the terminal
capacity_override_if_vessel_present,T27,S0784,berth_capacity,1,berths,Exclusive while this ship is at the terminal
capacity_override_if_vessel_present,T27,S0901,berth_capacity,1,berths,Exclusive while this ship is at the terminal
capacity_override_if_vessel_present,T27,S1237,berth_capacity,1,berths,Exclusive while this ship is at the terminal
capacity_override_if_vessel_present,T27,S1842,berth_capacity,1,berths,Exclusive while this ship is at the terminal
capacity_override_if_vessel_present,T28,S0877,berth_capacity,1,berths,Exclusive while this ship is at the terminal
capacity_override_if_vessel_present,T28,S1369,berth_capacity,1,berths,Exclusive while this ship is at the terminal
capacity_override_if_vessel_present,T29,S0184,berth_capacity,1,berths,Exclusive while this ship is at the terminal
capacity_override_if_vessel_present,T29,S0670,berth_capacity,1,berths,Exclusive while this ship is at the terminal
capacity_override_if_vessel_present,T29,S0693,berth_capacity,1,berths,Exclusive while this ship is at the terminal
capacity_override_if_vessel_present,T29,S1119,berth_capacity,1,berths,Exclusive while this ship is at the terminal
capacity_override_if_vessel_present,T30,S1363,berth_capacity,1,berths,Exclusive while this ship is at the terminal
capacity_override_if_vessel_present,T30,S1383,berth_capacity,1,berths,Exclusive while this ship is at the terminal
capacity_override_if_vessel_present,T30,S1538,berth_capacity,1,berths,Exclusive while this ship is at the terminal
capacity_override_if_vessel_present,T30,S1925,berth_capacity,1,berths,Exclusive while this ship is at the terminal
capacity_override_if_vessel_present,T30,S1985,berth_capacity,1,berths,Exclusive while this ship is at the terminal
capacity_override_if_vessel_present,T31,S0310,berth_capacity,1,berths,Exclusive while this ship is at the terminal
capacity_override_if_vessel_present,T31,S1489,berth_capacity,1,berths,Exclusive while this ship is at the terminal
capacity_override_if_vessel_present,T32,S0245,berth_capacity,1,berths,Exclusive while this ship is at the terminal
capacity_override_if_vessel_present,T32,S0601,berth_capacity,1,berths,Exclusive while this ship is at the terminal
capacity_override_if_vessel_present,T33,S1791,berth_capacity,1,berths,Exclusive while this ship is at the terminal
capacity_override_if_vessel_present,T34,S0301,berth_capacity,1,berths,Exclusive while this ship is at the terminal
capacity_override_if_vessel_present,T35,S0061,berth_capacity,1,berths,Exclusive while this ship is at the terminal
capacity_override_if_vessel_present,T35,S0949,berth_capacity,1,berths,Exclusive while this ship is at the terminal
capacity_override_if_vessel_present,T35,S1193,berth_capacity,1,berths,Exclusive while this ship is at the terminal
capacity_override_if_vessel_present,T36,S0248,berth_capacity,1,berths,Exclusive while this ship is at the terminal
capacity_override_if_vessel_present,T36,S0820,berth_capacity,1,berths,Exclusive while this ship is at the terminal
capacity_override_if_vessel_present,T36,S1014,berth_capacity,1,berths,Exclusive while this ship is at the terminal
capacity_override_if_vessel_present,T36,S1302,berth_capacity,1,berths,Exclusive while this ship is at the terminal
capacity_override_if_vessel_present,T37,S1143,berth_capacity,1,berths,Exclusive while this ship is at the terminal
capacity_override_if_vessel_present,T37,S1520,berth_capacity,1,berths,Exclusive while this ship is at the terminal
capacity_override_if_vessel_present,T38,S0131,berth_capacity,1,berths,Exclusive while this ship is at the terminal
capacity_override_if_vessel_present,T38,S0454,berth_capacity,1,berths,Exclusive while this ship is at the terminal
capacity_override_if_vessel_present,T38,S1868,berth_capacity,1,berths,Exclusive while this ship is at the terminal
capacity_override_if_vessel_present,T39,S0224,berth_capacity,1,berths,Exclusive while this ship is at the terminal
capacity_override_if_vessel_present,T40,S0132,berth_capacity,1,berths,Exclusive while this ship is at the terminal
capacity_override_if_vessel_present,T40,S1878,berth_capacity,1,berths,Exclusive while this ship is at the terminal
