﻿type,port_id,vessel_id,parameter,value,units,note
capacity,P001,,max_vessels_simultaneous,3,vessels,Base port capacity
capacity,P002,,max_vessels_simultaneous,2,vessels,Base port capacity
capacity,P003,,max_vessels_simultaneous,5,vessels,Base port capacity
capacity,P004,,max_vessels_simultaneous,6,vessels,Base port capacity
capacity,P005,,max_vessels_simultaneous,6,vessels,Base port capacity
capacity,P006,,max_vessels_simultaneous,5,vessels,Base port capacity
capacity,P007,,max_vessels_simultaneous,5,vessels,Base port capacity
capacity,P008,,max_vessels_simultaneous,3,vessels,Base port capacity
capacity,P009,,max_vessels_simultaneous,4,vessels,Base port capacity
capacity,P010,,max_vessels_simultaneous,6,vessels,Base port capacity
capacity,P011,,max_vessels_simultaneous,1,vessels,Base port capacity
capacity,P012,,max_vessels_simultaneous,5,vessels,Base port capacity
capacity,P013,,max_vessels_simultaneous,1,vessels,Base port capacity
capacity,P014,,max_vessels_simultaneous,1,vessels,Base port capacity
capacity,P015,,max_vessels_simultaneous,4,vessels,Base port capacity
capacity,P016,,max_vessels_simultaneous,5,vessels,Base port capacity
capacity,P017,,max_vessels_simultaneous,1,vessels,Base port capacity
capacity,P018,,max_vessels_simultaneous,2,vessels,Base port capacity
capacity,P019,,max_vessels_simultaneous,4,vessels,Base port capacity
capacity,P020,,max_vessels_simultaneous,2,vessels,Base port capacity
capacity,P021,,max_vessels_simultaneous,4,vessels,Base port capacity
capacity,P022,,max_vessels_simultaneous,6,vessels,Base port capacity
capacity,P023,,max_vessels_simultaneous,5,vessels,Base port capacity
capacity,P024,,max_vessels_simultaneous,5,vessels,Base port capacity
capacity,P025,,max_vessels_simultaneous,4,vessels,Base port capacity
capacity,P026,,max_vessels_simultaneous,5,vessels,Base port capacity
capacity,P027,,max_vessels_simultaneous,1,vessels,Base port capacity
capacity,P028,,max_vessels_simultaneous,3,vessels,Base port capacity
capacity,P029,,max_vessels_simultaneous,3,vessels,Base port capacity
capacity,P030,,max_vessels_simultaneous,2,vessels,Base port capacity
capacity,P031,,max_vessels_simultaneous,4,vessels,Base port capacity
capacity,P032,,max_vessels_simultaneous,6,vessels,Base port capacity
capacity,P033,,max_vessels_simultaneous,6,vessels,Base port capacity
capacity,P034,,max_vessels_simultaneous,5,vessels,Base port capacity
capacity,P035,,max_vessels_simultaneous,5,vessels,Base port capacity
capacity,P036,,max_vessels_simultaneous,3,vessels,Base port capacity
capacity,P037,,max_vessels_simultaneous,2,vessels,Base port capacity
capacity,P038,,max_vessels_simultaneous,1,vessels,Base port capacity
capacity,P039,,max_vessels_simultaneous,6,vessels,Base port capacity
capacity,P040,,max_vessels_simultaneous,3,vessels,Base port capacity
capacity,P041,,max_vessels_simultaneous,3,vessels,Base port capacity
capacity,P042,,max_vessels_simultaneous,2,vessels,Base port capacity
capacity,P043,,max_vessels_simultaneous,6,vessels,Base port capacity
capacity,P044,,max_vessels_simultaneous,4,vessels,Base port capacity
capacity,P045,,max_vessels_simultaneous,2,vessels,Base port capacity
capacity,P046,,max_vessels_simultaneous,6,vessels,Base port capacity
capacity,P047,,max_vessels_simultaneous,6,vessels,Base port capacity
capacity,P048,,max_vessels_simultaneous,3,vessels,Base port capacity
capacity,P049,,max_vessels_simultaneous,1,vessels,Base port capacity
capacity,P050,,max_vessels_simultaneous,2,vessels,Base port capacity
capacity,P051,,max_vessels_simultaneous,6,vessels,Base port capacity
capacity,P052,,max_vessels_simultaneous,4,vessels,Base port capacity
capacity,P053,,max_vessels_simultaneous,4,vessels,Base port capacity
capacity,P054,,max_vessels_simultaneous,3,vessels,Base port capacity
capacity,P055,,max_vessels_simultaneous,1,vessels,Base port capacity
capacity,P056,,max_vessels_simultaneous,4,vessels,Base port capacity
capacity,P057,,max_vessels_simultaneous,1,vessels,Base port capacity
capacity,P058,,max_vessels_simultaneous,5,vessels,Base port capacity
capacity,P059,,max_vessels_simultaneous,4,vessels,Base port capacity
capacity,P060,,max_vessels_simultaneous,1,vessels,Base port capacity
capacity,P061,,max_vessels_simultaneous,4,vessels,Base port capacity
capacity,P062,,max_vessels_simultaneous,1,vessels,Base port capacity
capacity,P063,,max_vessels_simultaneous,5,vessels,Base port capacity
capacity,P064,,max_vessels_simultaneous,4,vessels,Base port capacity
capacity,P065,,max_vessels_simultaneous,3,vessels,Base port capacity
capacity,P066,,max_vessels_simultaneous,1,vessels,Base port capacity
capacity,P067,,max_vessels_simultaneous,2,vessels,Base port capacity
capacity,P068,,max_vessels_simultaneous,1,vessels,Base port capacity
capacity,P069,,max_vessels_simultaneous,6,vessels,Base port capacity
capacity,P070,,max_vessels_simultaneous,2,vessels,Base port capacity
capacity,P071,,max_vessels_simultaneous,1,vessels,Base port capacity
capacity,P072,,max_vessels_simultaneous,4,vessels,Base port capacity
capacity,P073,,max_vessels_simultaneous,1,vessels,Base port capacity
capacity,P074,,max_vessels_simultaneous,3,vessels,Base port capacity
capacity,P075,,max_vessels_simultaneous,1,vessels,Base port capacity
capacity,P076,,max_vessels_simultaneous,4,vessels,Base port capacity
capacity,P077,,max_vessels_simultaneous,3,vessels,Base port capacity
capacity,P078,,max_vessels_simultaneous,1,vessels,Base port capacity
capacity,P079,,max_vessels_simultaneous,2,vessels,Base port capacity
capacity,P080,,max_vessels_simultaneous,5,vessels,Base port capacity
capacity,P081,,max_vessels_simultaneous,1,vessels,Base port capacity
capacity,P082,,max_vessels_simultaneous,3,vessels,Base port capacity
capacity,P083,,max_vessels_simultaneous,4,vessels,Base port capacity
capacity,P084,,max_vessels_simultaneous,6,vessels,Base port capacity
capacity,P085,,max_vessels_simultaneous,5,vessels,Base port capacity
capacity,P086,,max_vessels_simultaneous,3,vessels,Base port capacity
capacity,P087,,max_vessels_simultaneous,4,vessels,Base port capacity
capacity,P088,,max_vessels_simultaneous,4,vessels,Base port capacity
capacity,P089,,max_vessels_simultaneous,3,vessels,Base port capacity
capacity,P090,,max_vessels_simultaneous,4,vessels,Base port capacity
capacity,P091,,max_vessels_simultaneous,5,vessels,Base port capacity
capacity,P092,,max_vessels_simultaneous,5,vessels,Base port capacity
capacity,P093,,max_vessels_simultaneous,5,vessels,Base port capacity
capacity,P094,,max_vessels_simultaneous,4,vessels,Base port capacity
capacity,P095,,max_vessels_simultaneous,1,vessels,Base port capacity
capacity,P096,,max_vessels_simultaneous,1,vessels,Base port capacity
capacity,P097,,max_vessels_simultaneous,3,vessels,Base port capacity
capacity,P098,,max_vessels_simultaneous,6,vessels,Base port capacity
capacity,P099,,max_vessels_simultaneous,2,vessels,Base port capacity
capacity,P100,,max_vessels_simultaneous,1,vessels,Base port capacity
capacity,P101,,max_vessels_simultaneous,5,vessels,Base port capacity
capacity,P102,,max_vessels_simultaneous,2,vessels,Base port capacity
capacity,P103,,max_vessels_simultaneous,2,vessels,Base port capacity
capacity,P104,,max_vessels_simultaneous,4,vessels,Base port capacity
capacity,P105,,max_vessels_simultaneous,6,vessels,Base port capacity
capacity,P106,,max_vessels_simultaneous,4,vessels,Base port capacity
capacity,P107,,max_vessels_simultaneous,6,vessels,Base port capacity
capacity,P108,,max_vessels_simultaneous,6,vessels,Base port capacity
capacity,P109,,max_vessels_simultaneous,6,vessels,Base port capacity
capacity,P110,,max_vessels_simultaneous,6,vessels,Base port capacity
capacity,P111,,max_vessels_simultaneous,5,vessels,Base port capacity
capacity,P112,,max_vessels_simultaneous,4,vessels,Base port capacity
capacity,P113,,max_vessels_simultaneous,6,vessels,Base port capacity
capacity,P114,,max_vessels_simultaneous,4,vessels,Base port capacity
capacity,P115,,max_vessels_simultaneous,2,vessels,Base port capacity
capacity,P116,,max_vessels_simultaneous,3,vessels,Base port capacity
capacity,P117,,max_vessels_simultaneous,5,vessels,Base port capacity
capacity,P118,,max_vessels_simultaneous,1,vessels,Base port capacity
capacity,P119,,max_vessels_simultaneous,2,vessels,Base port capacity
capacity,P120,,max_vessels_simultaneous,6,vessels,Base port capacity
capacity,P121,,max_vessels_simultaneous,5,vessels,Base port capacity
capacity,P122,,max_vessels_simultaneous,5,vessels,Base port capacity
capacity,P123,,max_vessels_simultaneous,4,vessels,Base port capacity
capacity,P124,,max_vessels_simultaneous,6,vessels,Base port capacity
capacity,P125,,max_vessels_simultaneous,5,vessels,Base port capacity
capacity,P126,,max_vessels_simultaneous,6,vessels,Base port capacity
capacity,P127,,max_vessels_simultaneous,2,vessels,Base port capacity
capacity,P128,,max_vessels_simultaneous,4,vessels,Base port capacity
capacity,P129,,max_vessels_simultaneous,2,vessels,Base port capacity
capacity,P130,,max_vessels_simultaneous,2,vessels,Base port capacity
capacity,P131,,max_vessels_simultaneous,3,vessels,Base port capacity
capacity,P132,,max_vessels_simultaneous,5,vessels,Base port capacity
capacity,P133,,max_vessels_simultaneous,2,vessels,Base port capacity
capacity,P134,,max_vessels_simultaneous,3,vessels,Base port capacity
capacity,P135,,max_vessels_simultaneous,3,vessels,Base port capacity
capacity,P136,,max_vessels_simultaneous,3,vessels,Base port capacity
capacity,P137,,max_vessels_simultaneous,1,vessels,Base port capacity
capacity,P138,,max_vessels_simultaneous,4,vessels,Base port capacity
capacity,P139,,max_vessels_simultaneous,6,vessels,Base port capacity
capacity,P140,,max_vessels_simultaneous,3,vessels,Base port capacity
capacity,P141,,max_vessels_simultaneous,5,vessels,Base port capacity
capacity,P142,,max_vessels_simultaneous,2,vessels,Base port capacity
capacity,P143,,max_vessels_simultaneous,2,vessels,Base port capacity
capacity,P144,,max_vessels_simultaneous,5,vessels,Base port capacity
capacity,P145,,max_vessels_simultaneous,5,vessels,Base port capacity
capacity,P146,,max_vessels_simultaneous,1,vessels,Base port capacity
capacity,P147,,max_vessels_simultaneous,3,vessels,Base port capacity
capacity,P148,,max_vessels_simultaneous,6,vessels,Base port capacity
capacity,P149,,max_vessels_simultaneous,5,vessels,Base port capacity
capacity,P150,,max_vessels_simultaneous,6,vessels,Base port capacity
capacity,P151,,max_vessels_simultaneous,1,vessels,Base port capacity
capacity,P152,,max_vessels_simultaneous,1,vessels,Base port capacity
capacity,P153,,max_vessels_simultaneous,3,vessels,Base port capacity
capacity,P154,,max_vessels_simultaneous,6,vessels,Base port capacity
capacity,P155,,max_vessels_simultaneous,2,vessels,Base port capacity
capacity,P156,,max_vessels_simultaneous,3,vessels,Base port capacity
capacity,P157,,max_vessels_simultaneous,5,vessels,Base port capacity
capacity,P158,,max_vessels_simultaneous,1,vessels,Base port capacity
capacity,P159,,max_vessels_simultaneous,2,vessels,Base port capacity
capacity,P160,,max_vessels_simultaneous,5,vessels,Base port capacity
capacity,P161,,max_vessels_simultaneous,3,vessels,Base port capacity
capacity,P162,,max_vessels_simultaneous,2,vessels,Base port capacity
capacity,P163,,max_vessels_simultaneous,6,vessels,Base port capacity
capacity,P164,,max_vessels_simultaneous,2,vessels,Base port capacity
capacity,P165,,max_vessels_simultaneous,2,vessels,Base port capacity
capacity,P166,,max_vessels_simultaneous,3,vessels,Base port capacity
capacity,P167,,max_vessels_simultaneous,6,vessels,Base port capacity
capacity,P168,,max_vessels_simultaneous,1,vessels,Base port capacity
capacity,P169,,max_vessels_simultaneous,4,vessels,Base port capacity
capacity,P170,,max_vessels_simultaneous,6,vessels,Base port capacity
capacity,P171,,max_vessels_simultaneous,3,vessels,Base port capacity
capacity,P172,,max_vessels_simultaneous,5,vessels,Base port capacity
capacity,P173,,max_vessels_simultaneous,4,vessels,Base port capacity
capacity,P174,,max_vessels_simultaneous,1,vessels,Base port capacity
capacity,P175,,max_vessels_simultaneous,4,vessels,Base port capacity
capacity,P176,,max_vessels_simultaneous,1,vessels,Base port capacity
capacity,P177,,max_vessels_simultaneous,5,vessels,Base port capacity
capacity,P178,,max_vessels_simultaneous,5,vessels,Base port capacity
capacity,P179,,max_vessels_simultaneous,6,vessels,Base port capacity
capacity,P180,,max_vessels_simultaneous,4,vessels,Base port capacity
capacity,P181,,max_vessels_simultaneous,2,vessels,Base port capacity
capacity,P182,,max_vessels_simultaneous,1,vessels,Base port capacity
capacity,P183,,max_vessels_simultaneous,1,vessels,Base port capacity
capacity,P184,,max_vessels_simultaneous,6,vessels,Base port capacity
capacity,P185,,max_vessels_simultaneous,2,vessels,Base port capacity
capacity,P186,,max_vessels_simultaneous,2,vessels,Base port capacity
capacity,P187,,max_vessels_simultaneous,5,vessels,Base port capacity
capacity,P188,,max_vessels_simultaneous,6,vessels,Base port capacity
capacity,P189,,max_vessels_simultaneous,5,vessels,Base port capacity
capacity,P190,,max_vessels_simultaneous,5,vessels,Base port capacity
capacity,P191,,max_vessels_simultaneous,6,vessels,Base port capacity
capacity,P192,,max_vessels_simultaneous,1,vessels,Base port capacity
capacity,P193,,max_vessels_simultaneous,2,vessels,Base port capacity
capacity,P194,,max_vessels_simultaneous,1,vessels,Base port capacity
capacity,P195,,max_vessels_simultaneous,1,vessels,Base port capacity
capacity,P196,,max_vessels_simultaneous,1,vessels,Base port capacity
capacity,P197,,max_vessels_simultaneous,5,vessels,Base port capacity
capacity,P198,,max_vessels_simultaneous,1,vessels,Base port capacity
capacity,P199,,max_vessels_simultaneous,4,vessels,Base port capacity
capacity,P200,,max_vessels_simultaneous,6,vessels,Base port capacity
capacity,P201,,max_vessels_simultaneous,5,vessels,Base port capacity
capacity,P202,,max_vessels_simultaneous,1,vessels,Base port capacity
capacity,P203,,max_vessels_simultaneous,1,vessels,Base port capacity
capacity,P204,,max_vessels_simultaneous,6,vessels,Base port capacity
capacity,P205,,max_vessels_simultaneous,2,vessels,Base port capacity
capacity,P206,,max_vessels_simultaneous,2,vessels,Base port capacity
capacity,P207,,max_vessels_simultaneous,3,vessels,Base port capacity
capacity,P208,,max_vessels_simultaneous,6,vessels,Base port capacity
capacity,P209,,max_vessels_simultaneous,3,vessels,Base port capacity
capacity,P210,,max_vessels_simultaneous,5,vessels,Base port capacity
capacity,P211,,max_vessels_simultaneous,3,vessels,Base port capacity
capacity,P212,,max_vessels_simultaneous,2,vessels,Base port capacity
capacity,P213,,max_vessels_simultaneous,6,vessels,Base port capacity
capacity,P214,,max_vessels_simultaneous,2,vessels,Base port capacity
capacity,P215,,max_vessels_simultaneous,4,vessels,Base port capacity
capacity,P216,,max_vessels_simultaneous,1,vessels,Base port capacity
capacity,P217,,max_vessels_simultaneous,1,vessels,Base port capacity
capacity,P218,,max_vessels_simultaneous,5,vessels,Base port capacity
capacity,P219,,max_vessels_simultaneous,5,vessels,Base port capacity
capacity,P220,,max_vessels_simultaneous,3,vessels,Base port capacity
capacity,P221,,max_vessels_simultaneous,3,vessels,Base port capacity
capacity,P222,,max_vessels_simultaneous,4,vessels,Base port capacity
capacity,P223,,max_vessels_simultaneous,3,vessels,Base port capacity
capacity,P224,,max_vessels_simultaneous,5,vessels,Base port capacity
capacity,P225,,max_vessels_simultaneous,5,vessels,Base port capacity
capacity,P226,,max_vessels_simultaneous,6,vessels,Base port capacity
capacity,P227,,max_vessels_simultaneous,1,vessels,Base port capacity
capacity,P228,,max_vessels_simultaneous,1,vessels,Base port capacity
capacity,P229,,max_vessels_simultaneous,1,vessels,Base port capacity
capacity,P230,,max_vessels_simultaneous,6,vessels,Base port capacity
capacity,P231,,max_vessels_simultaneous,5,vessels,Base port capacity
capacity,P232,,max_vessels_simultaneous,1,vessels,Base port capacity
capacity,P233,,max_vessels_simultaneous,6,vessels,Base port capacity
capacity,P234,,max_vessels_simultaneous,6,vessels,Base port capacity
capacity,P235,,max_vessels_simultaneous,6,vessels,Base port capacity
capacity,P236,,max_vessels_simultaneous,3,vessels,Base port capacity
capacity,P237,,max_vessels_simultaneous,4,vessels,Base port capacity
capacity,P238,,max_vessels_simultaneous,3,vessels,Base port capacity
capacity,P239,,max_vessels_simultaneous,5,vessels,Base port capacity
capacity,P240,,max_vessels_simultaneous,1,vessels,Base port capacity
capacity,P241,,max_vessels_simultaneous,4,vessels,Base port capacity
capacity,P242,,max_vessels_simultaneous,1,vessels,Base port capacity
capacity,P243,,max_vessels_simultaneous,5,vessels,Base port capacity
capacity,P244,,max_vessels_simultaneous,6,vessels,Base port capacity
capacity,P245,,max_vessels_simultaneous,1,vessels,Base port capacity
capacity,P246,,max_vessels_simultaneous,5,vessels,Base port capacity
capacity,P247,,max_vessels_simultaneous,2,vessels,Base port capacity
capacity,P248,,max_vessels_simultaneous,6,vessels,Base port capacity
capacity,P249,,max_vessels_simultaneous,6,vessels,Base port capacity
capacity,P250,,max_vessels_simultaneous,4,vessels,Base port capacity
capacity,P251,,max_vessels_simultaneous,6,vessels,Base port capacity
capacity,P252,,max_vessels_simultaneous,3,vessels,Base port capacity
capacity,P253,,max_vessels_simultaneous,4,vessels,Base port capacity
capacity,P254,,max_vessels_simultaneous,4,vessels,Base port capacity
capacity,P255,,max_vessels_simultaneous,6,vessels,Base port capacity
capacity,P256,,max_vessels_simultaneous,6,vessels,Base port capacity
capacity,P257,,max_vessels_simultaneous,3,vessels,Base port capacity
capacity,P258,,max_vessels_simultaneous,4,vessels,Base port capacity
capacity,P259,,max_vessels_simultaneous,4,vessels,Base port capacity
capacity,P260,,max_vessels_simultaneous,1,vessels,Base port capacity
capacity,P261,,max_vessels_simultaneous,6,vessels,Base port capacity
capacity,P262,,max_vessels_simultaneous,3,vessels,Base port capacity
capacity,P263,,max_vessels_simultaneous,3,vessels,Base port capacity
capacity,P264,,max_vessels_simultaneous,2,vessels,Base port capacity
capacity,P265,,max_vessels_simultaneous,2,vessels,Base port capacity
capacity,P266,,max_vessels_simultaneous,1,vessels,Base port capacity
capacity,P267,,max_vessels_simultaneous,1,vessels,Base port capacity
capacity,P268,,max_vessels_simultaneous,3,vessels,Base port capacity
capacity,P269,,max_vessels_simultaneous,6,vessels,Base port capacity
capacity,P270,,max_vessels_simultaneous,5,vessels,Base port capacity
capacity,P271,,max_vessels_simultaneous,4,vessels,Base port capacity
capacity,P272,,max_vessels_simultaneous,6,vessels,Base port capacity
capacity,P273,,max_vessels_simultaneous,3,vessels,Base port capacity
capacity,P274,,max_vessels_simultaneous,6,vessels,Base port capacity
capacity,P275,,max_vessels_simultaneous,3,vessels,Base port capacity
capacity,P276,,max_vessels_simultaneous,4,vessels,Base port capacity
capacity,P277,,max_vessels_simultaneous,2,vessels,Base port capacity
capacity,P278,,max_vessels_simultaneous,6,vessels,Base port capacity
capacity,P279,,max_vessels_simultaneous,1,vessels,Base port capacity
capacity,P280,,max_vessels_simultaneous,1,vessels,Base port capacity
capacity,P281,,max_vessels_simultaneous,2,vessels,Base port capacity
capacity,P282,,max_vessels_simultaneous,3,vessels,Base port capacity
capacity,P283,,max_vessels_simultaneous,3,vessels,Base port capacity
capacity,P284,,max_vessels_simultaneous,4,vessels,Base port capacity
capacity,P285,,max_vessels_simultaneous,4,vessels,Base port capacity
capacity,P286,,max_vessels_simultaneous,5,vessels,Base port capacity
capacity,P287,,max_vessels_simultaneous,5,vessels,Base port capacity
capacity,P288,,max_vessels_simultaneous,4,vessels,Base port capacity
capacity,P289,,max_vessels_simultaneous,3,vessels,Base port capacity
capacity,P290,,max_vessels_simultaneous,5,vessels,Base port capacity
capacity,P291,,max_vessels_simultaneous,4,vessels,Base port capacity
capacity,P292,,max_vessels_simultaneous,5,vessels,Base port capacity
capacity,P293,,max_vessels_simultaneous,5,vessels,Base port capacity
capacity,P294,,max_vessels_simultaneous,3,vessels,Base port capacity
capacity,P295,,max_vessels_simultaneous,3,vessels,Base port capacity
capacity,P296,,max_vessels_simultaneous,2,vessels,Base port capacity
capacity,P297,,max_vessels_simultaneous,2,vessels,Base port capacity
capacity,P298,,max_vessels_simultaneous,5,vessels,Base port capacity
capacity,P299,,max_vessels_simultaneous,1,vessels,Base port capacity
capacity,P300,,max_vessels_simultaneous,4,vessels,Base port capacity
capacity_override_if_vessel_present,P004,V054,max_vessels_simultaneous,1,vessels,Exclusive when this vessel is present
capacity_override_if_vessel_present,P006,V065,max_vessels_simultaneous,1,vessels,Exclusive when this vessel is present
capacity_override_if_vessel_present,P006,V112,max_vessels_simultaneous,1,vessels,Exclusive when this vessel is present
capacity_override_if_vessel_present,P008,V110,max_vessels_simultaneous,1,vessels,Exclusive when this vessel is present
capacity_override_if_vessel_present,P021,V012,max_vessels_simultaneous,1,vessels,Exclusive when this vessel is present
capacity_override_if_vessel_present,P022,V017,max_vessels_simultaneous,1,vessels,Exclusive when this vessel is present
capacity_override_if_vessel_present,P032,V011,max_vessels_simultaneous,1,vessels,Exclusive when this vessel is present
capacity_override_if_vessel_present,P046,V066,max_vessels_simultaneous,1,vessels,Exclusive when this vessel is present
capacity_override_if_vessel_present,P048,V096,max_vessels_simultaneous,1,vessels,Exclusive when this vessel is present
capacity_override_if_vessel_present,P058,V041,max_vessels_simultaneous,1,vessels,Exclusive when this vessel is present
capacity_override_if_vessel_present,P064,V077,max_vessels_simultaneous,1,vessels,Exclusive when this vessel is present
capacity_override_if_vessel_present,P076,V041,max_vessels_simultaneous,1,vessels,Exclusive when this vessel is present
capacity_override_if_vessel_present,P077,V088,max_vessels_simultaneous,1,vessels,Exclusive when this vessel is present
capacity_override_if_vessel_present,P078,V057,max_vessels_simultaneous,1,vessels,Exclusive when this vessel is present
capacity_override_if_vessel_present,P083,V065,max_vessels_simultaneous,1,vessels,Exclusive when this vessel is present
capacity_override_if_vessel_present,P097,V021,max_vessels_simultaneous,1,vessels,Exclusive when this vessel is present
capacity_override_if_vessel_present,P098,V038,max_vessels_simultaneous,1,vessels,Exclusive when this vessel is present
capacity_override_if_vessel_present,P113,V059,max_vessels_simultaneous,1,vessels,Exclusive when this vessel is present
capacity_override_if_vessel_present,P118,V046,max_vessels_simultaneous,1,vessels,Exclusive when this vessel is present
capacity_override_if_vessel_present,P122,V117,max_vessels_simultaneous,1,vessels,Exclusive when this vessel is present
capacity_override_if_vessel_present,P126,V029,max_vessels_simultaneous,1,vessels,Exclusive when this vessel is present
capacity_override_if_vessel_present,P130,V043,max_vessels_simultaneous,1,vessels,Exclusive when this vessel is present
capacity_override_if_vessel_present,P131,V039,max_vessels_simultaneous,1,vessels,Exclusive when this vessel is present
capacity_override_if_vessel_present,P141,V061,max_vessels_simultaneous,1,vessels,Exclusive when this vessel is present
capacity_override_if_vessel_present,P145,V002,max_vessels_simultaneous,1,vessels,Exclusive when this vessel is present
capacity_override_if_vessel_present,P166,V117,max_vessels_simultaneous,1,vessels,Exclusive when this vessel is present
capacity_override_if_vessel_present,P173,V076,max_vessels_simultaneous,1,vessels,Exclusive when this vessel is present
capacity_override_if_vessel_present,P177,V101,max_vessels_simultaneous,1,vessels,Exclusive when this vessel is present
capacity_override_if_vessel_present,P183,V028,max_vessels_simultaneous,1,vessels,Exclusive when this vessel is present
capacity_override_if_vessel_present,P201,V064,max_vessels_simultaneous,1,vessels,Exclusive when this vessel is present
capacity_override_if_vessel_present,P205,V103,max_vessels_simultaneous,1,vessels,Exclusive when this vessel is present
capacity_override_if_vessel_present,P207,V115,max_vessels_simultaneous,1,vessels,Exclusive when this vessel is present
capacity_override_if_vessel_present,P212,V033,max_vessels_simultaneous,1,vessels,Exclusive when this vessel is present
capacity_override_if_vessel_present,P214,V047,max_vessels_simultaneous,1,vessels,Exclusive when this vessel is present
capacity_override_if_vessel_present,P217,V091,max_vessels_simultaneous,1,vessels,Exclusive when this vessel is present
capacity_override_if_vessel_present,P218,V063,max_vessels_simultaneous,1,vessels,Exclusive when this vessel is present
capacity_override_if_vessel_present,P219,V120,max_vessels_simultaneous,1,vessels,Exclusive when this vessel is present
capacity_override_if_vessel_present,P222,V116,max_vessels_simultaneous,1,vessels,Exclusive when this vessel is present
capacity_override_if_vessel_present,P225,V058,max_vessels_simultaneous,1,vessels,Exclusive when this vessel is present
capacity_override_if_vessel_present,P239,V054,max_vessels_simultaneous,1,vessels,Exclusive when this vessel is present
capacity_override_if_vessel_present,P243,V058,max_vessels_simultaneous,1,vessels,Exclusive when this vessel is present
capacity_override_if_vessel_present,P244,V103,max_vessels_simultaneous,1,vessels,Exclusive when this vessel is present
capacity_override_if_vessel_present,P248,V025,max_vessels_simultaneous,1,vessels,Exclusive when this vessel is present
capacity_override_if_vessel_present,P250,V061,max_vessels_simultaneous,1,vessels,Exclusive when this vessel is present
capacity_override_if_vessel_present,P274,V045,max_vessels_simultaneous,1,vessels,Exclusive when this vessel is present
capacity_override_if_vessel_present,P276,V007,max_vessels_simultaneous,1,vessels,Exclusive when this vessel is present
capacity_override_if_vessel_present,P285,V032,max_vessels_simultaneous,1,vessels,Exclusive when this vessel is present
capacity_override_if_vessel_present,P285,V067,max_vessels_simultaneous,1,vessels,Exclusive when this vessel is present
capacity_override_if_vessel_present,P288,V022,max_vessels_simultaneous,1,vessels,Exclusive when this vessel is present
capacity_override_if_vessel_present,P300,V089,max_vessels_simultaneous,1,vessels,Exclusive when this vessel is present
