﻿vessel_id,name,start_node
V001,Vessel 1,DEPOT
V002,Vessel 2,DEPOT
V003,Vessel 3,DEPOT
V004,Vessel 4,DEPOT
V005,Vessel 5,DEPOT
V006,Vessel 6,DEPOT
V007,Vessel 7,DEPOT
V008,Vessel 8,DEPOT
V009,Vessel 9,DEPOT
V010,Vessel 10,DEPOT
V011,Vessel 11,DEPOT
V012,Vessel 12,DEPOT
V013,Vessel 13,DEPOT
V014,Vessel 14,DEPOT
V015,Vessel 15,DEPOT
V016,Vessel 16,DEPOT
V017,Vessel 17,DEPOT
V018,Vessel 18,DEPOT
V019,Vessel 19,DEPOT
V020,Vessel 20,DEPOT
V021,Vessel 21,DEPOT
V022,Vessel 22,DEPOT
V023,Vessel 23,DEPOT
V024,Vessel 24,DEPOT
V025,Vessel 25,DEPOT
V026,Vessel 26,DEPOT
V027,Vessel 27,DEPOT
V028,Vessel 28,DEPOT
V029,Vessel 29,DEPOT
V030,Vessel 30,DEPOT
V031,Vessel 31,DEPOT
V032,Vessel 32,DEPOT
V033,Vessel 33,DEPOT
V034,Vessel 34,DEPOT
V035,Vessel 35,DEPOT
V036,Vessel 36,DEPOT
V037,Vessel 37,DEPOT
V038,Vessel 38,DEPOT
V039,Vessel 39,DEPOT
V040,Vessel 40,DEPOT
V041,Vessel 41,DEPOT
V042,Vessel 42,DEPOT
V043,Vessel 43,DEPOT
V044,Vessel 44,DEPOT
V045,Vessel 45,DEPOT
V046,Vessel 46,DEPOT
V047,Vessel 47,DEPOT
V048,Vessel 48,DEPOT
V049,Vessel 49,DEPOT
V050,Vessel 50,DEPOT
V051,Vessel 51,DEPOT
V052,Vessel 52,DEPOT
V053,Vessel 53,DEPOT
V054,Vessel 54,DEPOT
V055,Vessel 55,DEPOT
V056,Vessel 56,DEPOT
V057,Vessel 57,DEPOT
V058,Vessel 58,DEPOT
V059,Vessel 59,DEPOT
V060,Vessel 60,DEPOT
V061,Vessel 61,DEPOT
V062,Vessel 62,DEPOT
V063,Vessel 63,DEPOT
V064,Vessel 64,DEPOT
V065,Vessel 65,DEPOT
V066,Vessel 66,DEPOT
V067,Vessel 67,DEPOT
V068,Vessel 68,DEPOT
V069,Vessel 69,DEPOT
V070,Vessel 70,DEPOT
V071,Vessel 71,DEPOT
V072,Vessel 72,DEPOT
V073,Vessel 73,DEPOT
V074,Vessel 74,DEPOT
V075,Vessel 75,DEPOT
V076,Vessel 76,DEPOT
V077,Vessel 77,DEPOT
V078,Vessel 78,DEPOT
V079,Vessel 79,DEPOT
V080,Vessel 80,DEPOT
V081,Vessel 81,DEPOT
V082,Vessel 82,DEPOT
V083,Vessel 83,DEPOT
V084,Vessel 84,DEPOT
V085,Vessel 85,DEPOT
V086,Vessel 86,DEPOT
V087,Vessel 87,DEPOT
V088,Vessel 88,DEPOT
V089,Vessel 89,DEPOT
V090,Vessel 90,DEPOT
V091,Vessel 91,DEPOT
V092,Vessel 92,DEPOT
V093,Vessel 93,DEPOT
V094,Vessel 94,DEPOT
V095,Vessel 95,DEPOT
V096,Vessel 96,DEPOT
V097,Vessel 97,DEPOT
V098,Vessel 98,DEPOT
V099,Vessel 99,DEPOT
V100,Vessel 100,DEPOT
V101,Vessel 101,DEPOT
V102,Vessel 102,DEPOT
V103,Vessel 103,DEPOT
V104,Vessel 104,DEPOT
V105,Vessel 105,DEPOT
V106,Vessel 106,DEPOT
V107,Vessel 107,DEPOT
V108,Vessel 108,DEPOT
V109,Vessel 109,DEPOT
V110,Vessel 110,DEPOT
V111,Vessel 111,DEPOT
V112,Vessel 112,DEPOT
V113,Vessel 113,DEPOT
V114,Vessel 114,DEPOT
V115,Vessel 115,DEPOT
V116,Vessel 116,DEPOT
V117,Vessel 117,DEPOT
V118,Vessel 118,DEPOT
V119,Vessel 119,DEPOT
V120,Vessel 120,DEPOT
